"","icc","FeatureName"
"1",0.966321761721279,"original_shape_Elongation"
"2",0.962130598110992,"original_shape_Flatness"
"3",0.982406388096315,"original_shape_LeastAxisLength"
"4",0.991664915582727,"original_shape_MajorAxisLength"
"5",0.989532209090554,"original_shape_Maximum2DDiameterColumn"
"6",0.992229096561233,"original_shape_Maximum2DDiameterRow"
"7",0.992261196573311,"original_shape_Maximum2DDiameterSlice"
"8",0.990092439599274,"original_shape_Maximum3DDiameter"
"9",0.99706305014248,"original_shape_MeshVolume"
"10",0.994446677566356,"original_shape_MinorAxisLength"
"11",0.959226380535537,"original_shape_Sphericity"
"12",0.997126270706859,"original_shape_SurfaceArea"
"13",0.976244532384657,"original_shape_SurfaceVolumeRatio"
"14",0.997078800568058,"original_shape_VoxelVolume"
"15",0.981112779298635,"original_firstorder_10Percentile"
"16",0.999149953720256,"original_firstorder_90Percentile"
"17",0.996542346880462,"original_firstorder_Energy"
"18",0.985948552499504,"original_firstorder_Entropy"
"19",0.980207115784262,"original_firstorder_InterquartileRange"
"20",0.974074164526813,"original_firstorder_Kurtosis"
"21",0.999999999999218,"original_firstorder_Maximum"
"22",0.9853514392008,"original_firstorder_MeanAbsoluteDeviation"
"23",0.995619555454836,"original_firstorder_Mean"
"24",0.994303685191865,"original_firstorder_Median"
"25",0.999999999999963,"original_firstorder_Minimum"
"26",0.999999999999994,"original_firstorder_Range"
"27",0.982850535494831,"original_firstorder_RobustMeanAbsoluteDeviation"
"28",0.995761229064034,"original_firstorder_RootMeanSquared"
"29",0.992939273023272,"original_firstorder_Skewness"
"30",0.996542346879288,"original_firstorder_TotalEnergy"
"31",0.982626325461508,"original_firstorder_Uniformity"
"32",0.986635035264032,"original_firstorder_Variance"
"33",0.996559662700521,"original_glcm_Autocorrelation"
"34",0.98353317143143,"original_glcm_ClusterProminence"
"35",0.985088512469895,"original_glcm_ClusterShade"
"36",0.980392782423318,"original_glcm_ClusterTendency"
"37",0.99205383072987,"original_glcm_Contrast"
"38",0.954077205625497,"original_glcm_Correlation"
"39",0.993226801146045,"original_glcm_DifferenceAverage"
"40",0.99355923844276,"original_glcm_DifferenceEntropy"
"41",0.992752666215813,"original_glcm_DifferenceVariance"
"42",0.994205605565634,"original_glcm_Id"
"43",0.99409170271448,"original_glcm_Idm"
"44",0.978872493703093,"original_glcm_Idmn"
"45",0.984278853911534,"original_glcm_Idn"
"46",0.967617782412262,"original_glcm_Imc1"
"47",0.957192510013833,"original_glcm_Imc2"
"48",0.985640405482661,"original_glcm_InverseVariance"
"49",0.995920549015632,"original_glcm_JointAverage"
"50",0.984453812507959,"original_glcm_JointEnergy"
"51",0.989464824701136,"original_glcm_JointEntropy"
"52",0.958627684821804,"original_glcm_MCC"
"53",0.982529120459134,"original_glcm_MaximumProbability"
"54",0.995920549039794,"original_glcm_SumAverage"
"55",0.982319851230943,"original_glcm_SumEntropy"
"56",0.985525806491405,"original_glcm_SumSquares"
"57",0.997746122787951,"original_glrlm_GrayLevelNonUniformity"
"58",0.980021498266438,"original_glrlm_GrayLevelNonUniformityNormalized"
"59",0.986150680909006,"original_glrlm_GrayLevelVariance"
"60",0.996416832781503,"original_glrlm_HighGrayLevelRunEmphasis"
"61",0.995382224503206,"original_glrlm_LongRunEmphasis"
"62",0.98475897316915,"original_glrlm_LongRunHighGrayLevelEmphasis"
"63",0.997420092637995,"original_glrlm_LongRunLowGrayLevelEmphasis"
"64",0.982431398318723,"original_glrlm_LowGrayLevelRunEmphasis"
"65",0.904062387434554,"original_glrlm_RunEntropy"
"66",0.995930295422152,"original_glrlm_RunLengthNonUniformity"
"67",0.989851386092619,"original_glrlm_RunLengthNonUniformityNormalized"
"68",0.992385226657102,"original_glrlm_RunPercentage"
"69",0.99636313639506,"original_glrlm_RunVariance"
"70",0.991032075441214,"original_glrlm_ShortRunEmphasis"
"71",0.99694321797991,"original_glrlm_ShortRunHighGrayLevelEmphasis"
"72",0.980328531376659,"original_glrlm_ShortRunLowGrayLevelEmphasis"
"73",0.996694000760268,"original_glszm_GrayLevelNonUniformity"
"74",0.961799492953995,"original_glszm_GrayLevelNonUniformityNormalized"
"75",0.990995344696554,"original_glszm_GrayLevelVariance"
"76",0.978800381281396,"original_glszm_HighGrayLevelZoneEmphasis"
"77",0.998893234029228,"original_glszm_LargeAreaEmphasis"
"78",0.998299841478044,"original_glszm_LargeAreaHighGrayLevelEmphasis"
"79",0.999146709023064,"original_glszm_LargeAreaLowGrayLevelEmphasis"
"80",0.920994450356122,"original_glszm_LowGrayLevelZoneEmphasis"
"81",0.99837724429647,"original_glszm_SizeZoneNonUniformity"
"82",0.938773862437824,"original_glszm_SizeZoneNonUniformityNormalized"
"83",0.929331681978668,"original_glszm_SmallAreaEmphasis"
"84",0.957229004487734,"original_glszm_SmallAreaHighGrayLevelEmphasis"
"85",0.869893625965524,"original_glszm_SmallAreaLowGrayLevelEmphasis"
"86",0.980635846608071,"original_glszm_ZoneEntropy"
"87",0.981804206860224,"original_glszm_ZonePercentage"
"88",0.998896939538591,"original_glszm_ZoneVariance"
"89",0.963244560076649,"original_gldm_DependenceEntropy"
"90",0.996609595053095,"original_gldm_DependenceNonUniformity"
"91",0.988645243222035,"original_gldm_DependenceNonUniformityNormalized"
"92",0.993653504280889,"original_gldm_DependenceVariance"
"93",0.998046096614053,"original_gldm_GrayLevelNonUniformity"
"94",0.986616963016076,"original_gldm_GrayLevelVariance"
"95",0.996674822285061,"original_gldm_HighGrayLevelEmphasis"
"96",0.99391864119656,"original_gldm_LargeDependenceEmphasis"
"97",0.981030581005111,"original_gldm_LargeDependenceHighGrayLevelEmphasis"
"98",0.997871030052575,"original_gldm_LargeDependenceLowGrayLevelEmphasis"
"99",0.984203249000358,"original_gldm_LowGrayLevelEmphasis"
"100",0.983750159498061,"original_gldm_SmallDependenceEmphasis"
"101",0.989979920786138,"original_gldm_SmallDependenceHighGrayLevelEmphasis"
"102",0.950452634335201,"original_gldm_SmallDependenceLowGrayLevelEmphasis"
"103",0.996032021180201,"original_ngtdm_Busyness"
"104",0.994216538797494,"original_ngtdm_Coarseness"
"105",0.999184712673874,"original_ngtdm_Complexity"
"106",0.973975107748514,"original_ngtdm_Contrast"
"107",0.987511157219222,"original_ngtdm_Strength"
"108",0.992214620983211,"wavelet.LLH_firstorder_10Percentile"
"109",0.936967882526828,"wavelet.LLH_firstorder_90Percentile"
"110",0.996439790138879,"wavelet.LLH_firstorder_Energy"
"111",0.993448721539768,"wavelet.LLH_firstorder_Entropy"
"112",0.994484321610468,"wavelet.LLH_firstorder_InterquartileRange"
"113",0.927902887654002,"wavelet.LLH_firstorder_Kurtosis"
"114",0.999999999999997,"wavelet.LLH_firstorder_Maximum"
"115",0.973049072777769,"wavelet.LLH_firstorder_MeanAbsoluteDeviation"
"116",0.950458242415606,"wavelet.LLH_firstorder_Mean"
"117",0.918237852357289,"wavelet.LLH_firstorder_Median"
"118",0.799715662319687,"wavelet.LLH_firstorder_Minimum"
"119",0.959138762945965,"wavelet.LLH_firstorder_Range"
"120",0.994407738639829,"wavelet.LLH_firstorder_RobustMeanAbsoluteDeviation"
"121",0.937563412528682,"wavelet.LLH_firstorder_RootMeanSquared"
"122",0.974006090558854,"wavelet.LLH_firstorder_Skewness"
"123",0.996439790143936,"wavelet.LLH_firstorder_TotalEnergy"
"124",0.994962303149545,"wavelet.LLH_firstorder_Uniformity"
"125",0.965085802484686,"wavelet.LLH_firstorder_Variance"
"126",0.741124600878161,"wavelet.LLH_glcm_Autocorrelation"
"127",0.985682501865013,"wavelet.LLH_glcm_ClusterProminence"
"128",0.9861288599372,"wavelet.LLH_glcm_ClusterShade"
"129",0.987526811243694,"wavelet.LLH_glcm_ClusterTendency"
"130",0.991447755813329,"wavelet.LLH_glcm_Contrast"
"131",0.982699117137179,"wavelet.LLH_glcm_Correlation"
"132",0.994276505608467,"wavelet.LLH_glcm_DifferenceAverage"
"133",0.995309569043244,"wavelet.LLH_glcm_DifferenceEntropy"
"134",0.991076578142588,"wavelet.LLH_glcm_DifferenceVariance"
"135",0.996740188817631,"wavelet.LLH_glcm_Id"
"136",0.99679615464071,"wavelet.LLH_glcm_Idm"
"137",0.980607291362615,"wavelet.LLH_glcm_Idmn"
"138",0.980725631067089,"wavelet.LLH_glcm_Idn"
"139",0.98304419882456,"wavelet.LLH_glcm_Imc1"
"140",0.991467379345661,"wavelet.LLH_glcm_Imc2"
"141",0.994245323086395,"wavelet.LLH_glcm_InverseVariance"
"142",0.792914416536115,"wavelet.LLH_glcm_JointAverage"
"143",0.996046958921157,"wavelet.LLH_glcm_JointEnergy"
"144",0.995338077257579,"wavelet.LLH_glcm_JointEntropy"
"145",0.815964042780951,"wavelet.LLH_glcm_MCC"
"146",0.995550942927973,"wavelet.LLH_glcm_MaximumProbability"
"147",0.792914416873303,"wavelet.LLH_glcm_SumAverage"
"148",0.994310026590064,"wavelet.LLH_glcm_SumEntropy"
"149",0.990130653564341,"wavelet.LLH_glcm_SumSquares"
"150",0.998226213326809,"wavelet.LLH_glrlm_GrayLevelNonUniformity"
"151",0.993264761329892,"wavelet.LLH_glrlm_GrayLevelNonUniformityNormalized"
"152",0.965104446948387,"wavelet.LLH_glrlm_GrayLevelVariance"
"153",0.755650442631861,"wavelet.LLH_glrlm_HighGrayLevelRunEmphasis"
"154",0.997714700840017,"wavelet.LLH_glrlm_LongRunEmphasis"
"155",0.660232924958757,"wavelet.LLH_glrlm_LongRunHighGrayLevelEmphasis"
"156",0.948677533830741,"wavelet.LLH_glrlm_LongRunLowGrayLevelEmphasis"
"157",0.976224563573366,"wavelet.LLH_glrlm_LowGrayLevelRunEmphasis"
"158",0.989930122985976,"wavelet.LLH_glrlm_RunEntropy"
"159",0.995398922203457,"wavelet.LLH_glrlm_RunLengthNonUniformity"
"160",0.996236315859064,"wavelet.LLH_glrlm_RunLengthNonUniformityNormalized"
"161",0.996782781613636,"wavelet.LLH_glrlm_RunPercentage"
"162",0.998293482074187,"wavelet.LLH_glrlm_RunVariance"
"163",0.996502052315506,"wavelet.LLH_glrlm_ShortRunEmphasis"
"164",0.786659570623218,"wavelet.LLH_glrlm_ShortRunHighGrayLevelEmphasis"
"165",0.979676009530582,"wavelet.LLH_glrlm_ShortRunLowGrayLevelEmphasis"
"166",0.99339813231461,"wavelet.LLH_glszm_GrayLevelNonUniformity"
"167",0.990897988435828,"wavelet.LLH_glszm_GrayLevelNonUniformityNormalized"
"168",0.976850905059104,"wavelet.LLH_glszm_GrayLevelVariance"
"169",0.802005156399521,"wavelet.LLH_glszm_HighGrayLevelZoneEmphasis"
"170",0.998206812846355,"wavelet.LLH_glszm_LargeAreaEmphasis"
"171",0.971667849600163,"wavelet.LLH_glszm_LargeAreaHighGrayLevelEmphasis"
"172",0.994011548957813,"wavelet.LLH_glszm_LargeAreaLowGrayLevelEmphasis"
"173",0.970003206041803,"wavelet.LLH_glszm_LowGrayLevelZoneEmphasis"
"174",0.993672432466846,"wavelet.LLH_glszm_SizeZoneNonUniformity"
"175",0.97693728266658,"wavelet.LLH_glszm_SizeZoneNonUniformityNormalized"
"176",0.981237752902097,"wavelet.LLH_glszm_SmallAreaEmphasis"
"177",0.848887766488184,"wavelet.LLH_glszm_SmallAreaHighGrayLevelEmphasis"
"178",0.936241207151452,"wavelet.LLH_glszm_SmallAreaLowGrayLevelEmphasis"
"179",0.980491564976809,"wavelet.LLH_glszm_ZoneEntropy"
"180",0.988697019341217,"wavelet.LLH_glszm_ZonePercentage"
"181",0.998217444516461,"wavelet.LLH_glszm_ZoneVariance"
"182",0.988521118913177,"wavelet.LLH_gldm_DependenceEntropy"
"183",0.995619137648641,"wavelet.LLH_gldm_DependenceNonUniformity"
"184",0.991434237889174,"wavelet.LLH_gldm_DependenceNonUniformityNormalized"
"185",0.997194178302602,"wavelet.LLH_gldm_DependenceVariance"
"186",0.99856912889905,"wavelet.LLH_gldm_GrayLevelNonUniformity"
"187",0.965156304837062,"wavelet.LLH_gldm_GrayLevelVariance"
"188",0.751793619451035,"wavelet.LLH_gldm_HighGrayLevelEmphasis"
"189",0.997618649322162,"wavelet.LLH_gldm_LargeDependenceEmphasis"
"190",0.616340886718424,"wavelet.LLH_gldm_LargeDependenceHighGrayLevelEmphasis"
"191",0.926813478999454,"wavelet.LLH_gldm_LargeDependenceLowGrayLevelEmphasis"
"192",0.975436015048822,"wavelet.LLH_gldm_LowGrayLevelEmphasis"
"193",0.988976058224864,"wavelet.LLH_gldm_SmallDependenceEmphasis"
"194",0.913464621584824,"wavelet.LLH_gldm_SmallDependenceHighGrayLevelEmphasis"
"195",0.966636702206069,"wavelet.LLH_gldm_SmallDependenceLowGrayLevelEmphasis"
"196",0.98742322383956,"wavelet.LLH_ngtdm_Busyness"
"197",0.988599909235478,"wavelet.LLH_ngtdm_Coarseness"
"198",0.994260938461775,"wavelet.LLH_ngtdm_Complexity"
"199",0.977196668455963,"wavelet.LLH_ngtdm_Contrast"
"200",0.988794831842181,"wavelet.LLH_ngtdm_Strength"
"201",0.994015334558181,"wavelet.LHL_firstorder_10Percentile"
"202",0.991061406634512,"wavelet.LHL_firstorder_90Percentile"
"203",0.996415059887605,"wavelet.LHL_firstorder_Energy"
"204",0.994144518525678,"wavelet.LHL_firstorder_Entropy"
"205",0.99640643036866,"wavelet.LHL_firstorder_InterquartileRange"
"206",0.969179398418408,"wavelet.LHL_firstorder_Kurtosis"
"207",0.993320302429691,"wavelet.LHL_firstorder_Maximum"
"208",0.994137368936727,"wavelet.LHL_firstorder_MeanAbsoluteDeviation"
"209",0.988024468667109,"wavelet.LHL_firstorder_Mean"
"210",0.936710954901672,"wavelet.LHL_firstorder_Median"
"211",0.965330149413049,"wavelet.LHL_firstorder_Minimum"
"212",0.979741708855464,"wavelet.LHL_firstorder_Range"
"213",0.994757942836472,"wavelet.LHL_firstorder_RobustMeanAbsoluteDeviation"
"214",0.987557226089144,"wavelet.LHL_firstorder_RootMeanSquared"
"215",0.977207549070481,"wavelet.LHL_firstorder_Skewness"
"216",0.996415059897755,"wavelet.LHL_firstorder_TotalEnergy"
"217",0.99505511295589,"wavelet.LHL_firstorder_Uniformity"
"218",0.992813818169977,"wavelet.LHL_firstorder_Variance"
"219",0.976440821928285,"wavelet.LHL_glcm_Autocorrelation"
"220",0.990154982512172,"wavelet.LHL_glcm_ClusterProminence"
"221",0.995051354296516,"wavelet.LHL_glcm_ClusterShade"
"222",0.991795598536468,"wavelet.LHL_glcm_ClusterTendency"
"223",0.991204986228516,"wavelet.LHL_glcm_Contrast"
"224",0.990273054081261,"wavelet.LHL_glcm_Correlation"
"225",0.992764875437365,"wavelet.LHL_glcm_DifferenceAverage"
"226",0.99405617419018,"wavelet.LHL_glcm_DifferenceEntropy"
"227",0.992335044682982,"wavelet.LHL_glcm_DifferenceVariance"
"228",0.994654109264527,"wavelet.LHL_glcm_Id"
"229",0.994649016614819,"wavelet.LHL_glcm_Idm"
"230",0.975616232253881,"wavelet.LHL_glcm_Idmn"
"231",0.972125341446363,"wavelet.LHL_glcm_Idn"
"232",0.986578383302148,"wavelet.LHL_glcm_Imc1"
"233",0.990363486468579,"wavelet.LHL_glcm_Imc2"
"234",0.988813567015262,"wavelet.LHL_glcm_InverseVariance"
"235",0.970808060979103,"wavelet.LHL_glcm_JointAverage"
"236",0.995773830311006,"wavelet.LHL_glcm_JointEnergy"
"237",0.994864254473177,"wavelet.LHL_glcm_JointEntropy"
"238",0.926110296219737,"wavelet.LHL_glcm_MCC"
"239",0.994721312026755,"wavelet.LHL_glcm_MaximumProbability"
"240",0.97080806091382,"wavelet.LHL_glcm_SumAverage"
"241",0.994758031560732,"wavelet.LHL_glcm_SumEntropy"
"242",0.991496319585319,"wavelet.LHL_glcm_SumSquares"
"243",0.99781088078119,"wavelet.LHL_glrlm_GrayLevelNonUniformity"
"244",0.993713368260606,"wavelet.LHL_glrlm_GrayLevelNonUniformityNormalized"
"245",0.99371007488053,"wavelet.LHL_glrlm_GrayLevelVariance"
"246",0.976052626106966,"wavelet.LHL_glrlm_HighGrayLevelRunEmphasis"
"247",0.99622088400366,"wavelet.LHL_glrlm_LongRunEmphasis"
"248",0.968593070747835,"wavelet.LHL_glrlm_LongRunHighGrayLevelEmphasis"
"249",0.925271190069877,"wavelet.LHL_glrlm_LongRunLowGrayLevelEmphasis"
"250",0.952501848829259,"wavelet.LHL_glrlm_LowGrayLevelRunEmphasis"
"251",0.987070220332838,"wavelet.LHL_glrlm_RunEntropy"
"252",0.996122935858669,"wavelet.LHL_glrlm_RunLengthNonUniformity"
"253",0.989596029656479,"wavelet.LHL_glrlm_RunLengthNonUniformityNormalized"
"254",0.992048663862543,"wavelet.LHL_glrlm_RunPercentage"
"255",0.996917014527186,"wavelet.LHL_glrlm_RunVariance"
"256",0.99149044911989,"wavelet.LHL_glrlm_ShortRunEmphasis"
"257",0.97784353983946,"wavelet.LHL_glrlm_ShortRunHighGrayLevelEmphasis"
"258",0.959179383392459,"wavelet.LHL_glrlm_ShortRunLowGrayLevelEmphasis"
"259",0.997690402293632,"wavelet.LHL_glszm_GrayLevelNonUniformity"
"260",0.952448565671204,"wavelet.LHL_glszm_GrayLevelNonUniformityNormalized"
"261",0.989640340866888,"wavelet.LHL_glszm_GrayLevelVariance"
"262",0.973044665475623,"wavelet.LHL_glszm_HighGrayLevelZoneEmphasis"
"263",0.99875536502641,"wavelet.LHL_glszm_LargeAreaEmphasis"
"264",0.995942397859662,"wavelet.LHL_glszm_LargeAreaHighGrayLevelEmphasis"
"265",0.917559274476764,"wavelet.LHL_glszm_LargeAreaLowGrayLevelEmphasis"
"266",0.918136507367846,"wavelet.LHL_glszm_LowGrayLevelZoneEmphasis"
"267",0.997811408897528,"wavelet.LHL_glszm_SizeZoneNonUniformity"
"268",0.892045025406699,"wavelet.LHL_glszm_SizeZoneNonUniformityNormalized"
"269",0.894194858832356,"wavelet.LHL_glszm_SmallAreaEmphasis"
"270",0.976298634138861,"wavelet.LHL_glszm_SmallAreaHighGrayLevelEmphasis"
"271",0.902588209878335,"wavelet.LHL_glszm_SmallAreaLowGrayLevelEmphasis"
"272",0.941318607140003,"wavelet.LHL_glszm_ZoneEntropy"
"273",0.978296320866938,"wavelet.LHL_glszm_ZonePercentage"
"274",0.998778277597273,"wavelet.LHL_glszm_ZoneVariance"
"275",0.992247514334606,"wavelet.LHL_gldm_DependenceEntropy"
"276",0.997686904123317,"wavelet.LHL_gldm_DependenceNonUniformity"
"277",0.947385601489017,"wavelet.LHL_gldm_DependenceNonUniformityNormalized"
"278",0.967778260964524,"wavelet.LHL_gldm_DependenceVariance"
"279",0.997824148948123,"wavelet.LHL_gldm_GrayLevelNonUniformity"
"280",0.992840565882682,"wavelet.LHL_gldm_GrayLevelVariance"
"281",0.976501076553319,"wavelet.LHL_gldm_HighGrayLevelEmphasis"
"282",0.994196943114298,"wavelet.LHL_gldm_LargeDependenceEmphasis"
"283",0.968894934888806,"wavelet.LHL_gldm_LargeDependenceHighGrayLevelEmphasis"
"284",0.925786823982797,"wavelet.LHL_gldm_LargeDependenceLowGrayLevelEmphasis"
"285",0.952612687442359,"wavelet.LHL_gldm_LowGrayLevelEmphasis"
"286",0.983307132428758,"wavelet.LHL_gldm_SmallDependenceEmphasis"
"287",0.98292728023819,"wavelet.LHL_gldm_SmallDependenceHighGrayLevelEmphasis"
"288",0.959038429316297,"wavelet.LHL_gldm_SmallDependenceLowGrayLevelEmphasis"
"289",0.959915634664779,"wavelet.LHL_ngtdm_Busyness"
"290",0.991413385857123,"wavelet.LHL_ngtdm_Coarseness"
"291",0.986988238604506,"wavelet.LHL_ngtdm_Complexity"
"292",0.98134008604823,"wavelet.LHL_ngtdm_Contrast"
"293",0.973947036410373,"wavelet.LHL_ngtdm_Strength"
"294",0.995740060579482,"wavelet.LHH_firstorder_10Percentile"
"295",0.987158179573716,"wavelet.LHH_firstorder_90Percentile"
"296",0.996509591693054,"wavelet.LHH_firstorder_Energy"
"297",0.993949893511527,"wavelet.LHH_firstorder_Entropy"
"298",0.994882175925308,"wavelet.LHH_firstorder_InterquartileRange"
"299",0.995202872930635,"wavelet.LHH_firstorder_Kurtosis"
"300",0.997723643543907,"wavelet.LHH_firstorder_Maximum"
"301",0.992336619776418,"wavelet.LHH_firstorder_MeanAbsoluteDeviation"
"302",0.991125350934704,"wavelet.LHH_firstorder_Mean"
"303",0.986399303309329,"wavelet.LHH_firstorder_Median"
"304",0.988335848188436,"wavelet.LHH_firstorder_Minimum"
"305",0.992569481187393,"wavelet.LHH_firstorder_Range"
"306",0.995120522860893,"wavelet.LHH_firstorder_RobustMeanAbsoluteDeviation"
"307",0.990771634807611,"wavelet.LHH_firstorder_RootMeanSquared"
"308",0.987464893317681,"wavelet.LHH_firstorder_Skewness"
"309",0.996509591692354,"wavelet.LHH_firstorder_TotalEnergy"
"310",0.994194989749163,"wavelet.LHH_firstorder_Uniformity"
"311",0.986160597295007,"wavelet.LHH_firstorder_Variance"
"312",0.962093784877501,"wavelet.LHH_glcm_Autocorrelation"
"313",0.948576305985432,"wavelet.LHH_glcm_ClusterProminence"
"314",0.993453792037123,"wavelet.LHH_glcm_ClusterShade"
"315",0.987992434040423,"wavelet.LHH_glcm_ClusterTendency"
"316",0.990400797960033,"wavelet.LHH_glcm_Contrast"
"317",0.979537101483901,"wavelet.LHH_glcm_Correlation"
"318",0.994510681811287,"wavelet.LHH_glcm_DifferenceAverage"
"319",0.995541032984545,"wavelet.LHH_glcm_DifferenceEntropy"
"320",0.989284486084872,"wavelet.LHH_glcm_DifferenceVariance"
"321",0.996556153179971,"wavelet.LHH_glcm_Id"
"322",0.996572465392392,"wavelet.LHH_glcm_Idm"
"323",0.99730754169314,"wavelet.LHH_glcm_Idmn"
"324",0.997946187692128,"wavelet.LHH_glcm_Idn"
"325",0.993974216081123,"wavelet.LHH_glcm_Imc1"
"326",0.9946916719118,"wavelet.LHH_glcm_Imc2"
"327",0.991186468777474,"wavelet.LHH_glcm_InverseVariance"
"328",0.980474949195475,"wavelet.LHH_glcm_JointAverage"
"329",0.996295490563541,"wavelet.LHH_glcm_JointEnergy"
"330",0.996116241070734,"wavelet.LHH_glcm_JointEntropy"
"331",0.987170580616527,"wavelet.LHH_glcm_MCC"
"332",0.996141602861418,"wavelet.LHH_glcm_MaximumProbability"
"333",0.980474949014497,"wavelet.LHH_glcm_SumAverage"
"334",0.995283713614791,"wavelet.LHH_glcm_SumEntropy"
"335",0.98914346397472,"wavelet.LHH_glcm_SumSquares"
"336",0.997680220231217,"wavelet.LHH_glrlm_GrayLevelNonUniformity"
"337",0.993478941038032,"wavelet.LHH_glrlm_GrayLevelNonUniformityNormalized"
"338",0.985468833445961,"wavelet.LHH_glrlm_GrayLevelVariance"
"339",0.96209389599085,"wavelet.LHH_glrlm_HighGrayLevelRunEmphasis"
"340",0.995897835831259,"wavelet.LHH_glrlm_LongRunEmphasis"
"341",0.955956966833548,"wavelet.LHH_glrlm_LongRunHighGrayLevelEmphasis"
"342",0.998900768069356,"wavelet.LHH_glrlm_LongRunLowGrayLevelEmphasis"
"343",0.998419366057042,"wavelet.LHH_glrlm_LowGrayLevelRunEmphasis"
"344",0.989502467112384,"wavelet.LHH_glrlm_RunEntropy"
"345",0.996045300933213,"wavelet.LHH_glrlm_RunLengthNonUniformity"
"346",0.991744220973548,"wavelet.LHH_glrlm_RunLengthNonUniformityNormalized"
"347",0.993043746240964,"wavelet.LHH_glrlm_RunPercentage"
"348",0.995864238146179,"wavelet.LHH_glrlm_RunVariance"
"349",0.993092751188341,"wavelet.LHH_glrlm_ShortRunEmphasis"
"350",0.963901552584557,"wavelet.LHH_glrlm_ShortRunHighGrayLevelEmphasis"
"351",0.998220465996715,"wavelet.LHH_glrlm_ShortRunLowGrayLevelEmphasis"
"352",0.98795799421162,"wavelet.LHH_glszm_GrayLevelNonUniformity"
"353",0.997372932606137,"wavelet.LHH_glszm_GrayLevelNonUniformityNormalized"
"354",0.984806061218232,"wavelet.LHH_glszm_GrayLevelVariance"
"355",0.958113196413898,"wavelet.LHH_glszm_HighGrayLevelZoneEmphasis"
"356",0.999121341907063,"wavelet.LHH_glszm_LargeAreaEmphasis"
"357",0.995236885805369,"wavelet.LHH_glszm_LargeAreaHighGrayLevelEmphasis"
"358",0.999735888649375,"wavelet.LHH_glszm_LargeAreaLowGrayLevelEmphasis"
"359",0.995026552405704,"wavelet.LHH_glszm_LowGrayLevelZoneEmphasis"
"360",0.991463600664001,"wavelet.LHH_glszm_SizeZoneNonUniformity"
"361",0.817700513403727,"wavelet.LHH_glszm_SizeZoneNonUniformityNormalized"
"362",0.813327419643562,"wavelet.LHH_glszm_SmallAreaEmphasis"
"363",0.93197700259799,"wavelet.LHH_glszm_SmallAreaHighGrayLevelEmphasis"
"364",0.992978242403244,"wavelet.LHH_glszm_SmallAreaLowGrayLevelEmphasis"
"365",0.993152881070184,"wavelet.LHH_glszm_ZoneEntropy"
"366",0.974891826908249,"wavelet.LHH_glszm_ZonePercentage"
"367",0.999121024821029,"wavelet.LHH_glszm_ZoneVariance"
"368",0.990626355061629,"wavelet.LHH_gldm_DependenceEntropy"
"369",0.997736305576614,"wavelet.LHH_gldm_DependenceNonUniformity"
"370",0.988189313489157,"wavelet.LHH_gldm_DependenceNonUniformityNormalized"
"371",0.974155993131243,"wavelet.LHH_gldm_DependenceVariance"
"372",0.997579052135021,"wavelet.LHH_gldm_GrayLevelNonUniformity"
"373",0.985890535264561,"wavelet.LHH_gldm_GrayLevelVariance"
"374",0.961927737866556,"wavelet.LHH_gldm_HighGrayLevelEmphasis"
"375",0.994648269934756,"wavelet.LHH_gldm_LargeDependenceEmphasis"
"376",0.952811889513685,"wavelet.LHH_gldm_LargeDependenceHighGrayLevelEmphasis"
"377",0.999000742654703,"wavelet.LHH_gldm_LargeDependenceLowGrayLevelEmphasis"
"378",0.998596190472219,"wavelet.LHH_gldm_LowGrayLevelEmphasis"
"379",0.971307047628079,"wavelet.LHH_gldm_SmallDependenceEmphasis"
"380",0.944581714593783,"wavelet.LHH_gldm_SmallDependenceHighGrayLevelEmphasis"
"381",0.994769023596706,"wavelet.LHH_gldm_SmallDependenceLowGrayLevelEmphasis"
"382",0.99771806786002,"wavelet.LHH_ngtdm_Busyness"
"383",0.990012594640408,"wavelet.LHH_ngtdm_Coarseness"
"384",0.950781705739373,"wavelet.LHH_ngtdm_Complexity"
"385",0.994100617618242,"wavelet.LHH_ngtdm_Contrast"
"386",0.961956122543057,"wavelet.LHH_ngtdm_Strength"
"387",0.995285813510832,"wavelet.HLL_firstorder_10Percentile"
"388",0.997575734369489,"wavelet.HLL_firstorder_90Percentile"
"389",0.99653919713057,"wavelet.HLL_firstorder_Energy"
"390",0.998681583857611,"wavelet.HLL_firstorder_Entropy"
"391",0.999200226427881,"wavelet.HLL_firstorder_InterquartileRange"
"392",0.999119749069612,"wavelet.HLL_firstorder_Kurtosis"
"393",0.999999999999999,"wavelet.HLL_firstorder_Maximum"
"394",0.998877728829698,"wavelet.HLL_firstorder_MeanAbsoluteDeviation"
"395",0.995632867747183,"wavelet.HLL_firstorder_Mean"
"396",0.977302887498107,"wavelet.HLL_firstorder_Median"
"397",0.995836163481193,"wavelet.HLL_firstorder_Minimum"
"398",0.998859880886674,"wavelet.HLL_firstorder_Range"
"399",0.998553379736613,"wavelet.HLL_firstorder_RobustMeanAbsoluteDeviation"
"400",0.995938354962163,"wavelet.HLL_firstorder_RootMeanSquared"
"401",0.992810689277838,"wavelet.HLL_firstorder_Skewness"
"402",0.99653919713074,"wavelet.HLL_firstorder_TotalEnergy"
"403",0.998721976988817,"wavelet.HLL_firstorder_Uniformity"
"404",0.999382490353339,"wavelet.HLL_firstorder_Variance"
"405",0.99842251990624,"wavelet.HLL_glcm_Autocorrelation"
"406",0.999217654022904,"wavelet.HLL_glcm_ClusterProminence"
"407",0.995546041709338,"wavelet.HLL_glcm_ClusterShade"
"408",0.99917502335416,"wavelet.HLL_glcm_ClusterTendency"
"409",0.998819055184189,"wavelet.HLL_glcm_Contrast"
"410",0.989903494773493,"wavelet.HLL_glcm_Correlation"
"411",0.998765228097286,"wavelet.HLL_glcm_DifferenceAverage"
"412",0.9988236334119,"wavelet.HLL_glcm_DifferenceEntropy"
"413",0.999007990266364,"wavelet.HLL_glcm_DifferenceVariance"
"414",0.999106798215095,"wavelet.HLL_glcm_Id"
"415",0.999038783156356,"wavelet.HLL_glcm_Idm"
"416",0.886605080358691,"wavelet.HLL_glcm_Idmn"
"417",0.948271015558897,"wavelet.HLL_glcm_Idn"
"418",0.997063307360493,"wavelet.HLL_glcm_Imc1"
"419",0.997258767573488,"wavelet.HLL_glcm_Imc2"
"420",0.995932941580709,"wavelet.HLL_glcm_InverseVariance"
"421",0.99282913811861,"wavelet.HLL_glcm_JointAverage"
"422",0.998972417944194,"wavelet.HLL_glcm_JointEnergy"
"423",0.998710033962485,"wavelet.HLL_glcm_JointEntropy"
"424",0.992736392950699,"wavelet.HLL_glcm_MCC"
"425",0.998253059576102,"wavelet.HLL_glcm_MaximumProbability"
"426",0.992829138139893,"wavelet.HLL_glcm_SumAverage"
"427",0.998616530817811,"wavelet.HLL_glcm_SumEntropy"
"428",0.999146713723812,"wavelet.HLL_glcm_SumSquares"
"429",0.997787631113984,"wavelet.HLL_glrlm_GrayLevelNonUniformity"
"430",0.998789432046913,"wavelet.HLL_glrlm_GrayLevelNonUniformityNormalized"
"431",0.999627891385379,"wavelet.HLL_glrlm_GrayLevelVariance"
"432",0.998425988990916,"wavelet.HLL_glrlm_HighGrayLevelRunEmphasis"
"433",0.996989647213064,"wavelet.HLL_glrlm_LongRunEmphasis"
"434",0.996136095167203,"wavelet.HLL_glrlm_LongRunHighGrayLevelEmphasis"
"435",0.801625078624435,"wavelet.HLL_glrlm_LongRunLowGrayLevelEmphasis"
"436",0.754340680003937,"wavelet.HLL_glrlm_LowGrayLevelRunEmphasis"
"437",0.995794981147716,"wavelet.HLL_glrlm_RunEntropy"
"438",0.996803593537258,"wavelet.HLL_glrlm_RunLengthNonUniformity"
"439",0.995402284342158,"wavelet.HLL_glrlm_RunLengthNonUniformityNormalized"
"440",0.995334120678161,"wavelet.HLL_glrlm_RunPercentage"
"441",0.996181329886555,"wavelet.HLL_glrlm_RunVariance"
"442",0.996404438241734,"wavelet.HLL_glrlm_ShortRunEmphasis"
"443",0.998672116235725,"wavelet.HLL_glrlm_ShortRunHighGrayLevelEmphasis"
"444",0.737755792347323,"wavelet.HLL_glrlm_ShortRunLowGrayLevelEmphasis"
"445",0.998109979361186,"wavelet.HLL_glszm_GrayLevelNonUniformity"
"446",0.995622211158605,"wavelet.HLL_glszm_GrayLevelNonUniformityNormalized"
"447",0.998570641281196,"wavelet.HLL_glszm_GrayLevelVariance"
"448",0.998415990007239,"wavelet.HLL_glszm_HighGrayLevelZoneEmphasis"
"449",0.998995756272537,"wavelet.HLL_glszm_LargeAreaEmphasis"
"450",0.989828306179454,"wavelet.HLL_glszm_LargeAreaHighGrayLevelEmphasis"
"451",0.966352144146409,"wavelet.HLL_glszm_LargeAreaLowGrayLevelEmphasis"
"452",0.526335496627203,"wavelet.HLL_glszm_LowGrayLevelZoneEmphasis"
"453",0.996762050975071,"wavelet.HLL_glszm_SizeZoneNonUniformity"
"454",0.966278013825626,"wavelet.HLL_glszm_SizeZoneNonUniformityNormalized"
"455",0.964540460554102,"wavelet.HLL_glszm_SmallAreaEmphasis"
"456",0.998499181948302,"wavelet.HLL_glszm_SmallAreaHighGrayLevelEmphasis"
"457",0.450911904341149,"wavelet.HLL_glszm_SmallAreaLowGrayLevelEmphasis"
"458",0.987823054811499,"wavelet.HLL_glszm_ZoneEntropy"
"459",0.992724952108677,"wavelet.HLL_glszm_ZonePercentage"
"460",0.998982019735078,"wavelet.HLL_glszm_ZoneVariance"
"461",0.99701938081437,"wavelet.HLL_gldm_DependenceEntropy"
"462",0.997405634893702,"wavelet.HLL_gldm_DependenceNonUniformity"
"463",0.972964829269108,"wavelet.HLL_gldm_DependenceNonUniformityNormalized"
"464",0.990112048732048,"wavelet.HLL_gldm_DependenceVariance"
"465",0.997608625747108,"wavelet.HLL_gldm_GrayLevelNonUniformity"
"466",0.999379700248898,"wavelet.HLL_gldm_GrayLevelVariance"
"467",0.998427447132037,"wavelet.HLL_gldm_HighGrayLevelEmphasis"
"468",0.995701887334388,"wavelet.HLL_gldm_LargeDependenceEmphasis"
"469",0.995372542128009,"wavelet.HLL_gldm_LargeDependenceHighGrayLevelEmphasis"
"470",0.813732055951116,"wavelet.HLL_gldm_LargeDependenceLowGrayLevelEmphasis"
"471",0.770119640633138,"wavelet.HLL_gldm_LowGrayLevelEmphasis"
"472",0.99027910788801,"wavelet.HLL_gldm_SmallDependenceEmphasis"
"473",0.996180747869898,"wavelet.HLL_gldm_SmallDependenceHighGrayLevelEmphasis"
"474",0.599034724700115,"wavelet.HLL_gldm_SmallDependenceLowGrayLevelEmphasis"
"475",0.959900304505033,"wavelet.HLL_ngtdm_Busyness"
"476",0.989883712905914,"wavelet.HLL_ngtdm_Coarseness"
"477",0.999516291965552,"wavelet.HLL_ngtdm_Complexity"
"478",0.952892288844552,"wavelet.HLL_ngtdm_Contrast"
"479",0.998840795154706,"wavelet.HLL_ngtdm_Strength"
"480",0.990188913092533,"wavelet.HLH_firstorder_10Percentile"
"481",0.997777195948945,"wavelet.HLH_firstorder_90Percentile"
"482",0.996470378109397,"wavelet.HLH_firstorder_Energy"
"483",0.99682267377834,"wavelet.HLH_firstorder_Entropy"
"484",0.997895009706895,"wavelet.HLH_firstorder_InterquartileRange"
"485",0.986274451300818,"wavelet.HLH_firstorder_Kurtosis"
"486",0.983324689836238,"wavelet.HLH_firstorder_Maximum"
"487",0.996540986804123,"wavelet.HLH_firstorder_MeanAbsoluteDeviation"
"488",0.977035760857316,"wavelet.HLH_firstorder_Mean"
"489",0.952970127980287,"wavelet.HLH_firstorder_Median"
"490",0.999999999999993,"wavelet.HLH_firstorder_Minimum"
"491",0.996793442991439,"wavelet.HLH_firstorder_Range"
"492",0.996845744936671,"wavelet.HLH_firstorder_RobustMeanAbsoluteDeviation"
"493",0.967500014326162,"wavelet.HLH_firstorder_RootMeanSquared"
"494",0.983713521211793,"wavelet.HLH_firstorder_Skewness"
"495",0.996470378111421,"wavelet.HLH_firstorder_TotalEnergy"
"496",0.996584497038608,"wavelet.HLH_firstorder_Uniformity"
"497",0.997696830435353,"wavelet.HLH_firstorder_Variance"
"498",0.999997424552513,"wavelet.HLH_glcm_Autocorrelation"
"499",0.999101532598553,"wavelet.HLH_glcm_ClusterProminence"
"500",0.997733333870992,"wavelet.HLH_glcm_ClusterShade"
"501",0.998103455557019,"wavelet.HLH_glcm_ClusterTendency"
"502",0.998260591004576,"wavelet.HLH_glcm_Contrast"
"503",0.973483801507986,"wavelet.HLH_glcm_Correlation"
"504",0.997879425360988,"wavelet.HLH_glcm_DifferenceAverage"
"505",0.998026348876063,"wavelet.HLH_glcm_DifferenceEntropy"
"506",0.998457370479008,"wavelet.HLH_glcm_DifferenceVariance"
"507",0.997439452190814,"wavelet.HLH_glcm_Id"
"508",0.99736142961756,"wavelet.HLH_glcm_Idm"
"509",0.958736273915855,"wavelet.HLH_glcm_Idmn"
"510",0.973376473017034,"wavelet.HLH_glcm_Idn"
"511",0.985018541334366,"wavelet.HLH_glcm_Imc1"
"512",0.990567632260093,"wavelet.HLH_glcm_Imc2"
"513",0.996906309924888,"wavelet.HLH_glcm_InverseVariance"
"514",0.999998016517789,"wavelet.HLH_glcm_JointAverage"
"515",0.99725500366017,"wavelet.HLH_glcm_JointEnergy"
"516",0.997983393828856,"wavelet.HLH_glcm_JointEntropy"
"517",0.989975019028928,"wavelet.HLH_glcm_MCC"
"518",0.9946642190598,"wavelet.HLH_glcm_MaximumProbability"
"519",0.999998016518809,"wavelet.HLH_glcm_SumAverage"
"520",0.997946173173616,"wavelet.HLH_glcm_SumEntropy"
"521",0.998188277052922,"wavelet.HLH_glcm_SumSquares"
"522",0.997668544898635,"wavelet.HLH_glrlm_GrayLevelNonUniformity"
"523",0.99733310322955,"wavelet.HLH_glrlm_GrayLevelNonUniformityNormalized"
"524",0.998303970463709,"wavelet.HLH_glrlm_GrayLevelVariance"
"525",0.999990952209071,"wavelet.HLH_glrlm_HighGrayLevelRunEmphasis"
"526",0.994440676059161,"wavelet.HLH_glrlm_LongRunEmphasis"
"527",0.998387364701878,"wavelet.HLH_glrlm_LongRunHighGrayLevelEmphasis"
"528",0.999935142778222,"wavelet.HLH_glrlm_LongRunLowGrayLevelEmphasis"
"529",0.999938326709727,"wavelet.HLH_glrlm_LowGrayLevelRunEmphasis"
"530",0.994390978393509,"wavelet.HLH_glrlm_RunEntropy"
"531",0.996581525359704,"wavelet.HLH_glrlm_RunLengthNonUniformity"
"532",0.990195699139069,"wavelet.HLH_glrlm_RunLengthNonUniformityNormalized"
"533",0.990887444826845,"wavelet.HLH_glrlm_RunPercentage"
"534",0.993828071947427,"wavelet.HLH_glrlm_RunVariance"
"535",0.992590117793822,"wavelet.HLH_glrlm_ShortRunEmphasis"
"536",0.999927600617561,"wavelet.HLH_glrlm_ShortRunHighGrayLevelEmphasis"
"537",0.99983132884445,"wavelet.HLH_glrlm_ShortRunLowGrayLevelEmphasis"
"538",0.993977750104157,"wavelet.HLH_glszm_GrayLevelNonUniformity"
"539",0.99725789642081,"wavelet.HLH_glszm_GrayLevelNonUniformityNormalized"
"540",0.99696648664838,"wavelet.HLH_glszm_GrayLevelVariance"
"541",0.999678627012029,"wavelet.HLH_glszm_HighGrayLevelZoneEmphasis"
"542",0.999610070739466,"wavelet.HLH_glszm_LargeAreaEmphasis"
"543",0.9977743954764,"wavelet.HLH_glszm_LargeAreaHighGrayLevelEmphasis"
"544",0.999876015355028,"wavelet.HLH_glszm_LargeAreaLowGrayLevelEmphasis"
"545",0.993775127906421,"wavelet.HLH_glszm_LowGrayLevelZoneEmphasis"
"546",0.994241859748395,"wavelet.HLH_glszm_SizeZoneNonUniformity"
"547",0.939182537229557,"wavelet.HLH_glszm_SizeZoneNonUniformityNormalized"
"548",0.920046824473356,"wavelet.HLH_glszm_SmallAreaEmphasis"
"549",0.998882618098204,"wavelet.HLH_glszm_SmallAreaHighGrayLevelEmphasis"
"550",0.995741443404207,"wavelet.HLH_glszm_SmallAreaLowGrayLevelEmphasis"
"551",0.988564303498818,"wavelet.HLH_glszm_ZoneEntropy"
"552",0.988492761002709,"wavelet.HLH_glszm_ZonePercentage"
"553",0.999609954573796,"wavelet.HLH_glszm_ZoneVariance"
"554",0.995135146401428,"wavelet.HLH_gldm_DependenceEntropy"
"555",0.997249064518124,"wavelet.HLH_gldm_DependenceNonUniformity"
"556",0.993651294230624,"wavelet.HLH_gldm_DependenceNonUniformityNormalized"
"557",0.980912534209717,"wavelet.HLH_gldm_DependenceVariance"
"558",0.997353610504026,"wavelet.HLH_gldm_GrayLevelNonUniformity"
"559",0.997695198826538,"wavelet.HLH_gldm_GrayLevelVariance"
"560",0.999994853068891,"wavelet.HLH_gldm_HighGrayLevelEmphasis"
"561",0.991584036959955,"wavelet.HLH_gldm_LargeDependenceEmphasis"
"562",0.997346764364955,"wavelet.HLH_gldm_LargeDependenceHighGrayLevelEmphasis"
"563",0.999868437732813,"wavelet.HLH_gldm_LargeDependenceLowGrayLevelEmphasis"
"564",0.999969356033089,"wavelet.HLH_gldm_LowGrayLevelEmphasis"
"565",0.988189933042222,"wavelet.HLH_gldm_SmallDependenceEmphasis"
"566",0.996799123563316,"wavelet.HLH_gldm_SmallDependenceHighGrayLevelEmphasis"
"567",0.995057671125688,"wavelet.HLH_gldm_SmallDependenceLowGrayLevelEmphasis"
"568",0.998629619805751,"wavelet.HLH_ngtdm_Busyness"
"569",0.987885947212959,"wavelet.HLH_ngtdm_Coarseness"
"570",0.997411792408589,"wavelet.HLH_ngtdm_Complexity"
"571",0.979408337490062,"wavelet.HLH_ngtdm_Contrast"
"572",0.996883139916882,"wavelet.HLH_ngtdm_Strength"
"573",0.998327268551155,"wavelet.HHL_firstorder_10Percentile"
"574",0.991159328168058,"wavelet.HHL_firstorder_90Percentile"
"575",0.996505212880349,"wavelet.HHL_firstorder_Energy"
"576",0.997118159958885,"wavelet.HHL_firstorder_Entropy"
"577",0.9981174752402,"wavelet.HHL_firstorder_InterquartileRange"
"578",0.971032674359882,"wavelet.HHL_firstorder_Kurtosis"
"579",0.976722182399791,"wavelet.HHL_firstorder_Maximum"
"580",0.997196881184841,"wavelet.HHL_firstorder_MeanAbsoluteDeviation"
"581",0.930687104157498,"wavelet.HHL_firstorder_Mean"
"582",0.972886106340656,"wavelet.HHL_firstorder_Median"
"583",0.986418208305576,"wavelet.HHL_firstorder_Minimum"
"584",0.984671860764871,"wavelet.HHL_firstorder_Range"
"585",0.996623619693645,"wavelet.HHL_firstorder_RobustMeanAbsoluteDeviation"
"586",0.940936838669913,"wavelet.HHL_firstorder_RootMeanSquared"
"587",0.959820097240889,"wavelet.HHL_firstorder_Skewness"
"588",0.996505212879975,"wavelet.HHL_firstorder_TotalEnergy"
"589",0.996128743976614,"wavelet.HHL_firstorder_Uniformity"
"590",0.997013699669589,"wavelet.HHL_firstorder_Variance"
"591",0.994147952308771,"wavelet.HHL_glcm_Autocorrelation"
"592",0.995528924215398,"wavelet.HHL_glcm_ClusterProminence"
"593",0.995364387958055,"wavelet.HHL_glcm_ClusterShade"
"594",0.996050285547174,"wavelet.HHL_glcm_ClusterTendency"
"595",0.996837051481317,"wavelet.HHL_glcm_Contrast"
"596",0.994514688160562,"wavelet.HHL_glcm_Correlation"
"597",0.996881034940012,"wavelet.HHL_glcm_DifferenceAverage"
"598",0.997901235862785,"wavelet.HHL_glcm_DifferenceEntropy"
"599",0.997273838373914,"wavelet.HHL_glcm_DifferenceVariance"
"600",0.996957955506376,"wavelet.HHL_glcm_Id"
"601",0.996909644916303,"wavelet.HHL_glcm_Idm"
"602",0.915099842249215,"wavelet.HHL_glcm_Idmn"
"603",0.934131647661916,"wavelet.HHL_glcm_Idn"
"604",0.98980385773431,"wavelet.HHL_glcm_Imc1"
"605",0.992452527146453,"wavelet.HHL_glcm_Imc2"
"606",0.995130594339211,"wavelet.HHL_glcm_InverseVariance"
"607",0.989127075055486,"wavelet.HHL_glcm_JointAverage"
"608",0.997176277411617,"wavelet.HHL_glcm_JointEnergy"
"609",0.997554071262864,"wavelet.HHL_glcm_JointEntropy"
"610",0.880833793149139,"wavelet.HHL_glcm_MCC"
"611",0.994983673916368,"wavelet.HHL_glcm_MaximumProbability"
"612",0.989127075033762,"wavelet.HHL_glcm_SumAverage"
"613",0.997544415634579,"wavelet.HHL_glcm_SumEntropy"
"614",0.996421586275934,"wavelet.HHL_glcm_SumSquares"
"615",0.99709334917765,"wavelet.HHL_glrlm_GrayLevelNonUniformity"
"616",0.997671542882366,"wavelet.HHL_glrlm_GrayLevelNonUniformityNormalized"
"617",0.997797043144111,"wavelet.HHL_glrlm_GrayLevelVariance"
"618",0.994256822279202,"wavelet.HHL_glrlm_HighGrayLevelRunEmphasis"
"619",0.98918783954431,"wavelet.HHL_glrlm_LongRunEmphasis"
"620",0.987077566579208,"wavelet.HHL_glrlm_LongRunHighGrayLevelEmphasis"
"621",0.979913468709998,"wavelet.HHL_glrlm_LongRunLowGrayLevelEmphasis"
"622",0.968980390436542,"wavelet.HHL_glrlm_LowGrayLevelRunEmphasis"
"623",0.989811272705948,"wavelet.HHL_glrlm_RunEntropy"
"624",0.997367570398014,"wavelet.HHL_glrlm_RunLengthNonUniformity"
"625",0.97927466453669,"wavelet.HHL_glrlm_RunLengthNonUniformityNormalized"
"626",0.983590677509513,"wavelet.HHL_glrlm_RunPercentage"
"627",0.989205505694551,"wavelet.HHL_glrlm_RunVariance"
"628",0.983523372215774,"wavelet.HHL_glrlm_ShortRunEmphasis"
"629",0.994954510678424,"wavelet.HHL_glrlm_ShortRunHighGrayLevelEmphasis"
"630",0.961758914133274,"wavelet.HHL_glrlm_ShortRunLowGrayLevelEmphasis"
"631",0.990478002563216,"wavelet.HHL_glszm_GrayLevelNonUniformity"
"632",0.990309836181362,"wavelet.HHL_glszm_GrayLevelNonUniformityNormalized"
"633",0.990018588556674,"wavelet.HHL_glszm_GrayLevelVariance"
"634",0.993692444011345,"wavelet.HHL_glszm_HighGrayLevelZoneEmphasis"
"635",0.999166524692962,"wavelet.HHL_glszm_LargeAreaEmphasis"
"636",0.997074372631636,"wavelet.HHL_glszm_LargeAreaHighGrayLevelEmphasis"
"637",0.998656069530912,"wavelet.HHL_glszm_LargeAreaLowGrayLevelEmphasis"
"638",0.959861502028103,"wavelet.HHL_glszm_LowGrayLevelZoneEmphasis"
"639",0.997260574211239,"wavelet.HHL_glszm_SizeZoneNonUniformity"
"640",0.52112238721683,"wavelet.HHL_glszm_SizeZoneNonUniformityNormalized"
"641",0.608724116820014,"wavelet.HHL_glszm_SmallAreaEmphasis"
"642",0.993608268838326,"wavelet.HHL_glszm_SmallAreaHighGrayLevelEmphasis"
"643",0.93819204021571,"wavelet.HHL_glszm_SmallAreaLowGrayLevelEmphasis"
"644",0.960229094404933,"wavelet.HHL_glszm_ZoneEntropy"
"645",0.98092322861884,"wavelet.HHL_glszm_ZonePercentage"
"646",0.999116184572022,"wavelet.HHL_glszm_ZoneVariance"
"647",0.991946775054866,"wavelet.HHL_gldm_DependenceEntropy"
"648",0.996608131030634,"wavelet.HHL_gldm_DependenceNonUniformity"
"649",0.992145524427085,"wavelet.HHL_gldm_DependenceNonUniformityNormalized"
"650",0.991532906129733,"wavelet.HHL_gldm_DependenceVariance"
"651",0.9966688326329,"wavelet.HHL_gldm_GrayLevelNonUniformity"
"652",0.996633933747062,"wavelet.HHL_gldm_GrayLevelVariance"
"653",0.994204348687362,"wavelet.HHL_gldm_HighGrayLevelEmphasis"
"654",0.985437155731509,"wavelet.HHL_gldm_LargeDependenceEmphasis"
"655",0.984552194558399,"wavelet.HHL_gldm_LargeDependenceHighGrayLevelEmphasis"
"656",0.980992951810502,"wavelet.HHL_gldm_LargeDependenceLowGrayLevelEmphasis"
"657",0.969983387114721,"wavelet.HHL_gldm_LowGrayLevelEmphasis"
"658",0.976223205554479,"wavelet.HHL_gldm_SmallDependenceEmphasis"
"659",0.988108866471963,"wavelet.HHL_gldm_SmallDependenceHighGrayLevelEmphasis"
"660",0.842617361860031,"wavelet.HHL_gldm_SmallDependenceLowGrayLevelEmphasis"
"661",0.983069802942709,"wavelet.HHL_ngtdm_Busyness"
"662",0.988931902727055,"wavelet.HHL_ngtdm_Coarseness"
"663",0.992558990160891,"wavelet.HHL_ngtdm_Complexity"
"664",0.861395315651112,"wavelet.HHL_ngtdm_Contrast"
"665",0.991265291456841,"wavelet.HHL_ngtdm_Strength"
"666",0.99843582134097,"wavelet.HHH_firstorder_10Percentile"
"667",0.997240408831007,"wavelet.HHH_firstorder_90Percentile"
"668",0.996500290047988,"wavelet.HHH_firstorder_Energy"
"669",0.99795957788302,"wavelet.HHH_firstorder_Entropy"
"670",0.997724026912515,"wavelet.HHH_firstorder_InterquartileRange"
"671",0.99256138384591,"wavelet.HHH_firstorder_Kurtosis"
"672",0.999999999990303,"wavelet.HHH_firstorder_Maximum"
"673",0.997941949685561,"wavelet.HHH_firstorder_MeanAbsoluteDeviation"
"674",0.939672168641189,"wavelet.HHH_firstorder_Mean"
"675",0.904478570784053,"wavelet.HHH_firstorder_Median"
"676",0.999999999999993,"wavelet.HHH_firstorder_Minimum"
"677",0.999999999999997,"wavelet.HHH_firstorder_Range"
"678",0.997621917872661,"wavelet.HHH_firstorder_RobustMeanAbsoluteDeviation"
"679",0.950459622333925,"wavelet.HHH_firstorder_RootMeanSquared"
"680",0.988997131904032,"wavelet.HHH_firstorder_Skewness"
"681",0.996500290050083,"wavelet.HHH_firstorder_TotalEnergy"
"682",0.997700398089033,"wavelet.HHH_firstorder_Uniformity"
"683",0.997666098619556,"wavelet.HHH_firstorder_Variance"
"684",0.99999950199975,"wavelet.HHH_glcm_Autocorrelation"
"685",0.998088047471088,"wavelet.HHH_glcm_ClusterProminence"
"686",0.952273338683468,"wavelet.HHH_glcm_ClusterShade"
"687",0.997830532534284,"wavelet.HHH_glcm_ClusterTendency"
"688",0.997299586001353,"wavelet.HHH_glcm_Contrast"
"689",0.969758803793251,"wavelet.HHH_glcm_Correlation"
"690",0.997757280651728,"wavelet.HHH_glcm_DifferenceAverage"
"691",0.997978227731627,"wavelet.HHH_glcm_DifferenceEntropy"
"692",0.99713921729071,"wavelet.HHH_glcm_DifferenceVariance"
"693",0.998098228964218,"wavelet.HHH_glcm_Id"
"694",0.998102962879574,"wavelet.HHH_glcm_Idm"
"695",0.999304008159631,"wavelet.HHH_glcm_Idmn"
"696",0.999691711373437,"wavelet.HHH_glcm_Idn"
"697",0.983844340218804,"wavelet.HHH_glcm_Imc1"
"698",0.990778483025696,"wavelet.HHH_glcm_Imc2"
"699",0.996337158379968,"wavelet.HHH_glcm_InverseVariance"
"700",0.999999486732656,"wavelet.HHH_glcm_JointAverage"
"701",0.998187044835349,"wavelet.HHH_glcm_JointEnergy"
"702",0.998100879073251,"wavelet.HHH_glcm_JointEntropy"
"703",0.973415688372597,"wavelet.HHH_glcm_MCC"
"704",0.996545008366613,"wavelet.HHH_glcm_MaximumProbability"
"705",0.999999486733061,"wavelet.HHH_glcm_SumAverage"
"706",0.997997226376729,"wavelet.HHH_glcm_SumEntropy"
"707",0.997579965024097,"wavelet.HHH_glcm_SumSquares"
"708",0.997128677346252,"wavelet.HHH_glrlm_GrayLevelNonUniformity"
"709",0.998300412251212,"wavelet.HHH_glrlm_GrayLevelNonUniformityNormalized"
"710",0.997989740392547,"wavelet.HHH_glrlm_GrayLevelVariance"
"711",0.999997169196087,"wavelet.HHH_glrlm_HighGrayLevelRunEmphasis"
"712",0.987791078991643,"wavelet.HHH_glrlm_LongRunEmphasis"
"713",0.998163236468887,"wavelet.HHH_glrlm_LongRunHighGrayLevelEmphasis"
"714",0.999902680888052,"wavelet.HHH_glrlm_LongRunLowGrayLevelEmphasis"
"715",0.999959513394698,"wavelet.HHH_glrlm_LowGrayLevelRunEmphasis"
"716",0.97797872116987,"wavelet.HHH_glrlm_RunEntropy"
"717",0.99700311616191,"wavelet.HHH_glrlm_RunLengthNonUniformity"
"718",0.98237523912041,"wavelet.HHH_glrlm_RunLengthNonUniformityNormalized"
"719",0.983948669135323,"wavelet.HHH_glrlm_RunPercentage"
"720",0.987033077050855,"wavelet.HHH_glrlm_RunVariance"
"721",0.985539069125017,"wavelet.HHH_glrlm_ShortRunEmphasis"
"722",0.99975504859502,"wavelet.HHH_glrlm_ShortRunHighGrayLevelEmphasis"
"723",0.999893901842314,"wavelet.HHH_glrlm_ShortRunLowGrayLevelEmphasis"
"724",0.9853981210737,"wavelet.HHH_glszm_GrayLevelNonUniformity"
"725",0.979349445924374,"wavelet.HHH_glszm_GrayLevelNonUniformityNormalized"
"726",0.995879868900451,"wavelet.HHH_glszm_GrayLevelVariance"
"727",0.999588719540258,"wavelet.HHH_glszm_HighGrayLevelZoneEmphasis"
"728",0.997881594199983,"wavelet.HHH_glszm_LargeAreaEmphasis"
"729",0.995317386303936,"wavelet.HHH_glszm_LargeAreaHighGrayLevelEmphasis"
"730",0.998368510619081,"wavelet.HHH_glszm_LargeAreaLowGrayLevelEmphasis"
"731",0.999377730408871,"wavelet.HHH_glszm_LowGrayLevelZoneEmphasis"
"732",0.985668148472725,"wavelet.HHH_glszm_SizeZoneNonUniformity"
"733",0.844255183241734,"wavelet.HHH_glszm_SizeZoneNonUniformityNormalized"
"734",0.859689820759508,"wavelet.HHH_glszm_SmallAreaEmphasis"
"735",0.996566939490926,"wavelet.HHH_glszm_SmallAreaHighGrayLevelEmphasis"
"736",0.998640701741169,"wavelet.HHH_glszm_SmallAreaLowGrayLevelEmphasis"
"737",0.984739726172096,"wavelet.HHH_glszm_ZoneEntropy"
"738",0.984802926904928,"wavelet.HHH_glszm_ZonePercentage"
"739",0.997849418709882,"wavelet.HHH_glszm_ZoneVariance"
"740",0.993930612894147,"wavelet.HHH_gldm_DependenceEntropy"
"741",0.99621533225035,"wavelet.HHH_gldm_DependenceNonUniformity"
"742",0.992311383548369,"wavelet.HHH_gldm_DependenceNonUniformityNormalized"
"743",0.995002328044382,"wavelet.HHH_gldm_DependenceVariance"
"744",0.996774056784596,"wavelet.HHH_gldm_GrayLevelNonUniformity"
"745",0.997292082363453,"wavelet.HHH_gldm_GrayLevelVariance"
"746",0.999998471900935,"wavelet.HHH_gldm_HighGrayLevelEmphasis"
"747",0.984411254685874,"wavelet.HHH_gldm_LargeDependenceEmphasis"
"748",0.997291213991827,"wavelet.HHH_gldm_LargeDependenceHighGrayLevelEmphasis"
"749",0.999897004103379,"wavelet.HHH_gldm_LargeDependenceLowGrayLevelEmphasis"
"750",0.999981072402059,"wavelet.HHH_gldm_LowGrayLevelEmphasis"
"751",0.979255415528716,"wavelet.HHH_gldm_SmallDependenceEmphasis"
"752",0.992238768014457,"wavelet.HHH_gldm_SmallDependenceHighGrayLevelEmphasis"
"753",0.996571824825285,"wavelet.HHH_gldm_SmallDependenceLowGrayLevelEmphasis"
"754",0.999236155061812,"wavelet.HHH_ngtdm_Busyness"
"755",0.988253577565538,"wavelet.HHH_ngtdm_Coarseness"
"756",0.999980072214421,"wavelet.HHH_ngtdm_Complexity"
"757",0.998478096266926,"wavelet.HHH_ngtdm_Contrast"
"758",0.994546479524205,"wavelet.HHH_ngtdm_Strength"
"759",0.98323095726383,"wavelet.LLL_firstorder_10Percentile"
"760",0.999383423358402,"wavelet.LLL_firstorder_90Percentile"
"761",0.996536358417735,"wavelet.LLL_firstorder_Energy"
"762",0.990753048719554,"wavelet.LLL_firstorder_Entropy"
"763",0.989067321336847,"wavelet.LLL_firstorder_InterquartileRange"
"764",0.92513619704602,"wavelet.LLL_firstorder_Kurtosis"
"765",0.958923528557953,"wavelet.LLL_firstorder_Maximum"
"766",0.99203543641351,"wavelet.LLL_firstorder_MeanAbsoluteDeviation"
"767",0.993802744817624,"wavelet.LLL_firstorder_Mean"
"768",0.992325565629842,"wavelet.LLL_firstorder_Median"
"769",0.998985186820485,"wavelet.LLL_firstorder_Minimum"
"770",0.988934798202961,"wavelet.LLL_firstorder_Range"
"771",0.990920928586043,"wavelet.LLL_firstorder_RobustMeanAbsoluteDeviation"
"772",0.994625358224335,"wavelet.LLL_firstorder_RootMeanSquared"
"773",0.918834252465147,"wavelet.LLL_firstorder_Skewness"
"774",0.996536358417342,"wavelet.LLL_firstorder_TotalEnergy"
"775",0.986881192781121,"wavelet.LLL_firstorder_Uniformity"
"776",0.976312022263385,"wavelet.LLL_firstorder_Variance"
"777",0.996810071607118,"wavelet.LLL_glcm_Autocorrelation"
"778",0.787039586378156,"wavelet.LLL_glcm_ClusterProminence"
"779",0.900727446189882,"wavelet.LLL_glcm_ClusterShade"
"780",0.990325363702283,"wavelet.LLL_glcm_ClusterTendency"
"781",0.979403880401475,"wavelet.LLL_glcm_Contrast"
"782",0.965491208618588,"wavelet.LLL_glcm_Correlation"
"783",0.991975538301293,"wavelet.LLL_glcm_DifferenceAverage"
"784",0.994586562907562,"wavelet.LLL_glcm_DifferenceEntropy"
"785",0.972953449324261,"wavelet.LLL_glcm_DifferenceVariance"
"786",0.995675637013989,"wavelet.LLL_glcm_Id"
"787",0.995798294880662,"wavelet.LLL_glcm_Idm"
"788",0.953581127120165,"wavelet.LLL_glcm_Idmn"
"789",0.97374305169374,"wavelet.LLL_glcm_Idn"
"790",0.988752077861168,"wavelet.LLL_glcm_Imc1"
"791",0.915197168192728,"wavelet.LLL_glcm_Imc2"
"792",0.995332557965755,"wavelet.LLL_glcm_InverseVariance"
"793",0.997680412775877,"wavelet.LLL_glcm_JointAverage"
"794",0.989804860863442,"wavelet.LLL_glcm_JointEnergy"
"795",0.991432184907553,"wavelet.LLL_glcm_JointEntropy"
"796",0.978588268866745,"wavelet.LLL_glcm_MCC"
"797",0.993208587051403,"wavelet.LLL_glcm_MaximumProbability"
"798",0.997680412789533,"wavelet.LLL_glcm_SumAverage"
"799",0.984674951915957,"wavelet.LLL_glcm_SumEntropy"
"800",0.993778469876839,"wavelet.LLL_glcm_SumSquares"
"801",0.998091044562642,"wavelet.LLL_glrlm_GrayLevelNonUniformity"
"802",0.98546239505314,"wavelet.LLL_glrlm_GrayLevelNonUniformityNormalized"
"803",0.974505472512364,"wavelet.LLL_glrlm_GrayLevelVariance"
"804",0.996966002532291,"wavelet.LLL_glrlm_HighGrayLevelRunEmphasis"
"805",0.997427660865843,"wavelet.LLL_glrlm_LongRunEmphasis"
"806",0.994744806836552,"wavelet.LLL_glrlm_LongRunHighGrayLevelEmphasis"
"807",0.980880803537074,"wavelet.LLL_glrlm_LongRunLowGrayLevelEmphasis"
"808",0.933002937759305,"wavelet.LLL_glrlm_LowGrayLevelRunEmphasis"
"809",0.981566500128114,"wavelet.LLL_glrlm_RunEntropy"
"810",0.995230203412131,"wavelet.LLL_glrlm_RunLengthNonUniformity"
"811",0.995121958936161,"wavelet.LLL_glrlm_RunLengthNonUniformityNormalized"
"812",0.99607798003142,"wavelet.LLL_glrlm_RunPercentage"
"813",0.997998856338848,"wavelet.LLL_glrlm_RunVariance"
"814",0.995564688636137,"wavelet.LLL_glrlm_ShortRunEmphasis"
"815",0.997329330756105,"wavelet.LLL_glrlm_ShortRunHighGrayLevelEmphasis"
"816",0.922947340915836,"wavelet.LLL_glrlm_ShortRunLowGrayLevelEmphasis"
"817",0.992182425621816,"wavelet.LLL_glszm_GrayLevelNonUniformity"
"818",0.989985338534615,"wavelet.LLL_glszm_GrayLevelNonUniformityNormalized"
"819",0.955911147332013,"wavelet.LLL_glszm_GrayLevelVariance"
"820",0.996299707526504,"wavelet.LLL_glszm_HighGrayLevelZoneEmphasis"
"821",0.99842002968934,"wavelet.LLL_glszm_LargeAreaEmphasis"
"822",0.998372390288599,"wavelet.LLL_glszm_LargeAreaHighGrayLevelEmphasis"
"823",0.998072170961836,"wavelet.LLL_glszm_LargeAreaLowGrayLevelEmphasis"
"824",0.883766670769672,"wavelet.LLL_glszm_LowGrayLevelZoneEmphasis"
"825",0.996592899160374,"wavelet.LLL_glszm_SizeZoneNonUniformity"
"826",0.982948136012411,"wavelet.LLL_glszm_SizeZoneNonUniformityNormalized"
"827",0.981915918321982,"wavelet.LLL_glszm_SmallAreaEmphasis"
"828",0.996583748458454,"wavelet.LLL_glszm_SmallAreaHighGrayLevelEmphasis"
"829",0.859929647630495,"wavelet.LLL_glszm_SmallAreaLowGrayLevelEmphasis"
"830",0.995190501215765,"wavelet.LLL_glszm_ZoneEntropy"
"831",0.993699533661643,"wavelet.LLL_glszm_ZonePercentage"
"832",0.998431199601051,"wavelet.LLL_glszm_ZoneVariance"
"833",0.972424286133215,"wavelet.LLL_gldm_DependenceEntropy"
"834",0.996010788546552,"wavelet.LLL_gldm_DependenceNonUniformity"
"835",0.990382027728036,"wavelet.LLL_gldm_DependenceNonUniformityNormalized"
"836",0.997968080176606,"wavelet.LLL_gldm_DependenceVariance"
"837",0.998704111188359,"wavelet.LLL_gldm_GrayLevelNonUniformity"
"838",0.976386741168587,"wavelet.LLL_gldm_GrayLevelVariance"
"839",0.996993753819565,"wavelet.LLL_gldm_HighGrayLevelEmphasis"
"840",0.997266143823237,"wavelet.LLL_gldm_LargeDependenceEmphasis"
"841",0.994524264991015,"wavelet.LLL_gldm_LargeDependenceHighGrayLevelEmphasis"
"842",0.99899711901743,"wavelet.LLL_gldm_LargeDependenceLowGrayLevelEmphasis"
"843",0.939520239574089,"wavelet.LLL_gldm_LowGrayLevelEmphasis"
"844",0.993401329187462,"wavelet.LLL_gldm_SmallDependenceEmphasis"
"845",0.997789685871314,"wavelet.LLL_gldm_SmallDependenceHighGrayLevelEmphasis"
"846",0.825605698184463,"wavelet.LLL_gldm_SmallDependenceLowGrayLevelEmphasis"
"847",0.994073267164491,"wavelet.LLL_ngtdm_Busyness"
"848",0.993351400184772,"wavelet.LLL_ngtdm_Coarseness"
"849",0.983109715594654,"wavelet.LLL_ngtdm_Complexity"
"850",0.975009843398758,"wavelet.LLL_ngtdm_Contrast"
"851",0.852307916518379,"wavelet.LLL_ngtdm_Strength"
